,Goal,Target,0,1,2,3,4,5,6,7,8,9,10,11,12,13,14,15,16,17,18,19,20,21,22,23,24,25,26,27,28,29,30,31,32,33,34,35,36,37,38,39,40,41,42,43,44,45,46,47,48,49,50,51,52,53,54,55,56,57
0,SDG 1,1.0,Sustainable Development Goal 1,SDG 1,end poverty,reduce poverty,fight against poverty,end global poverty,poverty reduction,poverty and deprivation,combat poverty,eradicate poverty,tackle poverty,poverty alleviation,alleviate poverty,,,,,,,,,,,,,,,,,,,,,,,,,,,,,,,,,,,,,,,,,,,,,
1,SDG 1,1.1,international poverty line, extreme poverty, abject poverty, absolute poverty,destitution,penury,severe deprivation,help people suffering from food and material deprivation,extremely poor,incidence of poverty,Households in poverty,,,,,,,,,,,,,,,,,,,,,,,,,,,,,,,,,,,,,,,,,,,,,,,
2,SDG 1,1.2,severely materially deprived people,low work intensity,national poverty line,social exclusion,income poverty,combatting child poverty,children out of poverty,addressing child poverty,at risk of poverty,fight child poverty,poverty rate,living in poverty,poor households,multidimensional poverty,basic needs,,,,,,,,,,,,,,,,,,,,,,,,,,,,,,,,,,,,,,,,,,,
3,SDG 1,1.3,social risk,social protection,rights of persons with disabilities,rights of unemployed persons,rights of older persons,rights of pregnant women,rights of work-injury victims,rights of the poor,rights of the vulnerable,hiring subsidies,social security,child benefits,maternity benefits,support for unemployment,support for people without a job,benefits for persons with disabilities,benefits for victims of work injuries,benefits for older persons,family benefits,maternity protection,unemployment support,employment injury benefits,sickness benefits,disability pensions,old-age pensions,social welfare benefits,social spending,social services,social expenditure,,,,,,,,,,,,,,,,,,,,,,,,,,,,,
4,SDG 1,1.4,tenure rights,equal rights to economic resources,control over land,access to inheritance,rights to land,"
access to property",access to natural resources,access to new technology,access to financial services,access to microfinance,access to services,property rights,access to basic goods,basic goods for all,access to basic services,delivery of essential services,provide essential basic services,land tenancy right,,,,,,,,,,,,,,,,,,,,,,,,,,,,,,,,,,,,,,,,
5,SDG 1,1.5,disaster risk reduction,vulnerability in disaster,affected by extreme events,resilience of the poor,reduce vulnerability,resilience to disaster,disaster resilience,vulnerable people,protect livelihoods,build resilience to future shocks,build resilience to shocks,vulnerability to climate event,vulnerability to climate extreme event,vulnerability to economic shock,vulnerability to natural disaster,resilience to catastrophic events,vulnerability to catastrophic events,economic loss attributed to disasters,economic loss due to disasters,strengthen economic resilience,strengthen social resilience,preventing disaster risk,vulnerable groups,vulnerable social groups, vulnerable to external shocks,vulnerable individuals,vulnerable sections of the population,vulnerable population,vulnerable communities,resilience within communities,weakest population,vulnerability to earthquakes,resilience to earthquakes,earthquake risk,earthquakes resilience,plagues risk reduction,vulnerability to plagues,resilience to plagues,plagues resilience,preventing plagues risk,sandstorms risk reduction,vulnerability to sandstorms,resilience to sandstorms,sandstorms resilience,preventing sandstorms risk,vulnerability to extreme climate event,,,,,,,,,,,,
6,SDG 1,1.a,poverty reduction programmes,means for developing countries,reduce poverty in developing countries,reduce poverty LDCs,donors that focus on poverty reduction,development assistance for poverty reduction,,,,,,,,,,,,,,,,,,,,,,,,,,,,,,,,,,,,,,,,,,,,,,,,,,,,
7,SDG 1,1.b,pro-poor policy framework,poverty eradication actions,poverty reduction strategies,investments in poverty eradication,development strategies for poverty,Pro-poor public social spending,Pro-poor spending,Pro-poor investment,poor-oriented,,,,,,,,,,,,,,,,,,,,,,,,,,,,,,,,,,,,,,,,,,,,,,,,,
8,SDG 2,2.0,Sustainable Development Goal 2,SDG 2,improve nutrition,lack food,,,,,,,,,,,,,,,,,,,,,,,,,,,,,,,,,,,,,,,,,,,,,,,,,,,,,,
9,SDG 2,2.1,sufficient food,undernourishment,end hunger,necessary nourishment,access to food,food access,food insecurity,food for all, food for the poor, food for people in vulnerable situations,food for vulnerable people,safe food,wholesome food,food safety,safety of food,food nutritional value,food security,zero hunger,acute hunger,people affected by hunger,starvation,acute undernutrition,famine, food needs,extreme hunger,food shortage,nutritious and affordable food,,,,,,,,,,,,,,,,,,,,,,,,,,,,,,,
10,SDG 2,2.2,child growth standards,obesity rate,nutritional needs,nutritious food,stunting,malnutrition,malnourishment,obesity prevalence,childhood obesity,childhood nutrition,child nutrition,Prevalence of anaemia,wasting in children,children affected by wasting,underweight children,healthy and nutritious diets,healthy and sustainable diets,nutrition security,,,,,,,,,,,,,,,,,,,,,,,,,,,,,,,,,,,,,,,,
11,SDG 2,2.3,small scale food producers,farm employment,family farmers,agricultural productivity,support pastoralists,Agricultural Fund for Rural Development,help farmers,support farmers,smallholder farmers ability,small scale farmers,improves rural livelihoods,sustainably managing agricultural soils,decent living for farmers,decent living for fishermen,agricultural products,agricultural producers,agricultural output,agri-business,agro-processing,agricultural value chains,small farmers,productive land uses,increase livestock,improve pastoral transhumance,support pastoral farming,cotton production,maize production,crops production,yield production,,,,,,,,,,,,,,,,,,,,,,,,,,,,,
12,SDG 2,2.4,sustainable food production systems,resilient agricultural practices,sustainable agriculture,soil quality,organic farming,make the agricultural system more resilient to climate change,environmentally-friendly food system,sustainable food supply chains,sustainable agri-food systems,risk of non-sustainable agriculture,eco-agricultural models,sustainable livelihoods Initiative,climate-friendly agriculture,environment-friendly agriculture,reduce the footprint of food production,agro-ecology,agroecology,sustainable food system,sustainable farming,climate-smart agriculture,resource efficient food production,agri-food production,,,,,,,,,,,,,,,,,,,,,,,,,,,,,,,,,,,,
13,SDG 2,2.5,animal genetic resources,cultivated plants,seed banks,GMO,domesticated animals,plant banks,plant genetic resources, genetic diversity of seeds,plant gene banks,livestock gene banks,breeds classified as being at risk of extinction,breeds at risk of extinction,silvopastoral and agroforestry production modes,genetic diversity in agriculture,genetic diversity of agricultural crops,agricultural area under high-diversity landscape,,,,,,,,,,,,,,,,,,,,,,,,,,,,,,,,,,,,,,,,,,
14,SDG 2,2.a,agricultural investment,agriculture orientation index, agricultural research,finance agriculture,stimulate research and development within the agri-food industry,research in the agri-food industry,stimulate development within the agri-food industry,research within the agri-food industry,investment in agriculture,agricultural cooperation,,,,,,,,,,,,,,,,,,,,,,,,,,,,,,,,,,,,,,,,,,,,,,,,
15,SDG 2,2.b,agricultural export subsidies,world agricultural markets,agricultural exports,agricultural market,agricultural trade,agricultural goods market,food imports,,,,,,,,,,,,,,,,,,,,,,,,,,,,,,,,,,,,,,,,,,,,,,,,,,,
16,SDG 2,2.c,food price volatility,food price anomalies,food commodity markets,food reserves,food price changes,changes food price,volatility food price,volatility prices of food,anomalies food price,anomalies prices of food,food mispricing,,,,,,,,,,,,,,,,,,,,,,,,,,,,,,,,,,,,,,,,,,,,,,,
17,SDG 3,3.0,Sustainable Development Goal 3, SDG 3,promote well-being,promote wellbeing,support for the health challenges,health research and innovation,preventive healthcare,child health,child wellbeing,child well-being,children health,children wellbeing,children well-being,elderly health,elderly wellbeing,elderly well-being,safeguard health,protect human health,protect citizens’ health,health citizens,well-being citizens,improve human health,,,,,,,,,,,,,,,,,,,,,,,,,,,,,,,,,,,,
18,SDG 3,3.1,maternal mortality, death in pregnancy,death in childbirth,maternal deaths,deaths which occur during pregnancy,obstetric deaths,death occurring in childbirth,pregnancy related deaths,pregnancy deaths,deaths related to pregnancy,deaths related to childbirth,MMR,MMRate,maternal health,childbirth assisted,,,,,,,,,,,,,,,,,,,,,,,,,,,,,,,,,,,,,,,,,,,
19,SDG 3,3.2,child mortality,neonatal mortality,infant mortality,children mortality,U5MR,Mortality rates among young children,Mortality rates among children,Mortality rates of children,under-5 mortality,NMR,mortality of children,stunting in children,,,,,,,,,,,,,,,,,,,,,,,,,,,,,,,,,,,,,,,,,,,,,,
20,SDG 3,3.3,hepatitis,malaria,neglected tropical diseases,communicable diseases,water-borne diseases,AIDS,end epidemics,HIV,tuberculosis,cope with epidemic,combat pandemic,combat epidemic,combat COVID-19,stem COVID transmission,infectious diseases,,,,,,,,,,,,,,,,,,,,,,,,,,,,,,,,,,,,,,,,,,,
21,SDG 3,3.4,premature mortality,suicide mortality rate,mental health,chronic respiratory disease,cardiovascular disease,diabetes,fight cancer,improving cancer control,improving cancer care,cancer incidence,non-communicable diseases,ncd,carcinogens,suicide deaths,promote mental health,mental illness,,,,,,,,,,,,,,,,,,,,,,,,,,,,,,,,,,,,,,,,,,
22,SDG 3,3.5,drug abuse,alcohol per capita consumption,substance abuse,cocaine, alcohol consumption,cannabis,illegal substances,drug addiction,use of alcohol,use of drugs,alcohol abuse,substance use disorders,alcohol consumed,alcohol exposure,drug exposure,,,,,,,,,,,,,,,,,,,,,,,,,,,,,,,,,,,,,,,,,,,
23,SDG 3,3.6,road traffic injuries,road traffic fatality,injuries from road traffic crashes,injuries from road traffic accidents,injuries from road accidents,injuries from traffic accident,injuries from accidents road,injuries from accident traffic,deaths from road traffic crashes,deaths from road traffic accidents,deaths from road accidents,deaths from traffic accident,deaths from accidents road,deaths from accident traffic,,,,,,,,,,,,,,,,,,,,,,,,,,,,,,,,,,,,,,,,,,,,
24,SDG 3,3.7,reproductive health,family planning,sexual health,sexual education,sexual information,adolescent birth,reproductive education,reproductive information,access to contraceptive,access to means to prevent pregnancy,use of means to prevent pregnancy,preventing unintended pregnancies,reproductive services,adolescent pregnancies,Adolescent childbearing,safe abortions,reproductive rights,contraception,,,,,,,,,,,,,,,,,,,,,,,,,,,,,,,,,,,,,,,,
25,SDG 3,3.8,affordable essential medicines,essential health services,care services,access to medicines,health coverage,health service,medicine access,health protection,protect public health,support to health care systems,health security,inclusive health systems,efficient health systems,reinforce health care systems,resilience of health systems,access to healthcare,access to health care,access to the most basic of rights like healthcare,universal healthcare,affordable vaccines,access to vaccines,vaccine access,UHC,health insurance,care costs,access to care,quality care,medical care,care provision,Household health expenditure,inclusive health policy,inclusive health,,,,,,,,,,,,,,,,,,,,,,,,,,
26,SDG 3,3.9,respiratory disease,health effects of soil pollution,health impacts of soil pollution,effects of unsafe water,harmful effects of chemicals,deaths related to hazardous chemical,unintentional poisoning,deaths related to unsafe water, deaths related to unsafe sanitation,illnesses from pollution,illnesses from contamination, mortality attributed to unsafe water,mortality attributed to sanitation,mortality for lack of hygiene,health effects of air pollution,health impacts of air pollution,deaths related to air pollution,deaths from hazardous chemicals,deaths from air pollution,deaths from water pollution,deaths from water contamination,deaths from soil pollution,deaths from soil contamination,illness related to air pollution,illness from hazardous chemicals,illness from air pollution,illness from water pollution,illness from water contamination,illness from soil pollution,illness from soil contamination,health effects of water contamination,health impacts of water contamination,Mortality rate attributed to air pollution,Mortality rate for air pollution,Mortality for air pollution,Mortality attributed to air pollution,deaths from hazardous air pollution,illness from hazardous air pollution,deaths associated with air pollution,illness associated with air pollution,deaths associated with hazardous chemicals,illness associated with hazardous chemicals,deaths associated with water contamination,illness associated with water contamination,deaths associated with soil contamination,illness associated with soil contamination,air pollution associated diseases,water contamination associated diseases,soil contamination associated diseases,soil pollution associated diseases,water pollution associated diseases,deaths from unsafe water,deaths from unsafe sanitation,deaths from lack of hygiene,Deaths attributable to unsafe water,Deaths attributable to unsafe sanitation,Deaths attributable to unsafe hygiene,Environmental health
27,SDG 3,3.a,tobacco control,decrease smoking prevalence,reduce tobacco use,reduce cigarette consumption,lower tobacco use,lower cigarette consumption,,,,,,,,,,,,,,,,,,,,,,,,,,,,,,,,,,,,,,,,,,,,,,,,,,,,
28,SDG 3,3.b,vaccination research,vaccine development,basic health research,aid to health,official development assistance for medical research,european medicines agency,support for health and climate-related research,support for health research,"innovative protective measures, virology, vaccines",research and development of vaccines and medicines,research of vaccines,research of medicines,development of vaccines,development of medicines,medicines for developing countries,vaccines for developing countries,official development assistance for health,official development assistance for basic health,pharmaceutical research,development of pharmaceutical products,research for pharmaceutical,EMA,,,,,,,,,,,,,,,,,,,,,,,,,,,,,,,,,,,,
29,SDG 3,3.c,increase health financing in developing countries,increase health workforce in developing countries,,,,,,,,,,,,,,,,,,,,,,,,,,,,,,,,,,,,,,,,,,,,,,,,,,,,,,,,
30,SDG 3,3.d,international health regulations,health emergency,public health capacity,health inequities,health system,national health risks,health risk management,health risk reduction,health risk warning,health risk assessment,public health,safety risk to human health,elimination of a risk to health,avoidance of a risk to health,health surveillance,health risk,reduction of disease risk,reduces a risk factor in the development of a human disease,risks to human health,impact on human health, effects on human health,react to future health crises,react to health crises,prepare for future health crises,health crisis prevention,manage health crisis,risk communication framework,disease prevention,health system resilience,,,,,,,,,,,,,,,,,,,,,,,,,,,,,
31,SDG 4,4.0,Sustainable Development Goal 4,SDG 4,quality education,education and training,training and education,education and skills,skills and education,quality services in education,increase access to education,increase school enrollment rates,improving global education,improving education,Facilitate the return of students to school,promote learning,education quality,growth in enrolment rates,education as a priority,equitable education,progress on education,education policy,,,,,,,,,,,,,,,,,,,,,,,,,,,,,,,,,,,,,,
32,SDG 4,4.1,primary completion rate,primary school completion rate,free primary education,free secondary education,minimum proficiency level,effective learning outcomes,compulsory education,prevent early school leaving,free primary school,children out of school,out-of-school children,progress in primary school enrolment,Completion rate primary education,Completion rate lower secondary education,Completion rate upper secondary education,Completion rate secondary education,completion rate of education,early school leavers,out-of-school,learning conditions,,,,,,,,,,,,,,,,,,,,,,,,,,,,,,,,,,,,,,
33,SDG 4,4.2,learning services for children,childhood development,pre primary education,early childhood education,children development,learning process for children,nursery education,family-day care,pre-primary provision,compulsory school starting age,early childhood learning,ensure that all children have access to basic services like health and education,children early learning,Early childhood and primary education,support children’s early cognitive development,support children’s cognitive development,support children’s early development,early childhood development,children developmentally on track,completion rate for upper-secondary education,,,,,,,,,,,,,,,,,,,,,,,,,,,,,,,,,,,,,,
34,SDG 4,4.3,tertiary education,adult participation in learning,participation in formal education,participation in non-formal education,participation in training,access to universities,adult education,adult formal education,adult training,Lifelong training,lifelong education,lifelong learning,,,,,,,,,,,,,,,,,,,,,,,,,,,,,,,,,,,,,,,,,,,,,,
35,SDG 4,4.4,technical skills,vocational skills,skills for employment,digital skills,ICT skills,technology skills,skill training,vocational training, vocational education,upgrading of skills,skills adjusted to labour market,reskilling,upskilling,skills for job,skills for labour market,digital literacy,up-skilling,TVET,skills development,skilled labour,quality skills,human capital development,new skills,E-learning,labour market demand,,,,,,,,,,,,,,,,,,,,,,,,,,,,,,,,,
36,SDG 4,4.5,equal access to education,quality education and training for disadvantaged groups,education for indigenous,education for all,education for disadvantaged,education for vulnerable,gender equality in education,education for persons with disabilities,parity of education,education socially inclusive,training socially inclusive,inclusive education,educational inequalities,education is inclusive,equal access to high-quality education,parity in primary education,parity in secondary education,parity in tertiary education,parity in university,inequalities in education,disparity in education,gender discrepancy in education,gender discrepancy in terms of education,education for gender equality,remove barriers to education,inclusive schools,right to education,discrimination in education,right to common education,,,,,,,,,,,,,,,,,,,,,,,,,,,,,
37,SDG 4,4.6,numeracy,language proficiency,underachievement in reading,reading skills,reading proficiency,math proficiency,mathematical proficiency,math skills,mathematical skills,underachiever in mathematics,proficiency standards in reading,proficiency standards in mathematics,reduce illiterate,proficiency in reading,proficiency in math,functionally literate,increase literacy,,,,,,,,,,,,,,,,,,,,,,,,,,,,,,,,,,,,,,,,,
38,SDG 4,4.7,global citizenship education,sustainable development skills,human rights education,sustainable development in teacher education,sustainable development in national education,culture of peace,respect of cultural diversity,sustainable development in curricula,sustainability education,sustainability learning,education sustainability,learning sustainability,competences for sustainable development,education for sustainable development,skills for sustainable development,training on sustainable development,teach sustainable development,teacher of sustainable development,education for sustainable lifestyle,skills for sustainable lifestyle,training on sustainable lifestyle,teach sustainable lifestyle,teacher of sustainable lifestyle,learn sustainable development,learn sustainable lifestyle,education for human rights,training on human rights,teach human rights,teacher of human rights,learn human rights,education for peace,education for global citizenship,teach global citizenship,learn global citizenship,culture of sustainable development,culture of sustainable lifestyle,awareness of sustainable lifestyle,education for environmental sustainability,inclusive teaching,inclusive training course for teaching staff,,,,,,,,,,,,,,,,,,
39,SDG 4,4.a,education facilities,safe learning environment,inclusive learning environment,effective learning environment,sanitation in school,electricity in school,internet in school,drinking water in school,schools offering basic services,schools with basic resources,schools with drinking water,schools with electricity,schools with computers,schools with Internet,schools with sanitation,schools with access to electricity,schools with access to Internet,school with basic handwashing facilities,school with handwashing facilities, handwashing facilities in school,internet for teaching,internet accessible by pupils,students can access to internet,internet access students,internet for students,computer for teaching,computer for learning,computer in school,Accessible learning materials,access in schools to key basic services,access in schools to basic services,access in schools to facilities,,,,,,,,,,,,,,,,,,,,,,,,,,
40,SDG 4,4.b,scholarship,improve access to higher education,increase access to higher education,financial aid awards for individual students,financial aid for students,financial contributions to trainees,financial contributions to study,financial contributions for students,economic aid for students,economic aid to study,grants to students,grant for studying,grant for learning,official development assistance for studying,official development assistance for learning,official development assistance for school,official development assistance for education,ODA for education,ODA for school,Erasmus,,,,,,,,,,,,,,,,,,,,,,,,,,,,,,,,,,,,,,
41,SDG 4,4.c,qualified teacher,skilled teacher,teacher education,teacher training,development of teaching staff,train teachers,educate teachers,adequate teacher,well-trained teachers,well-trained to teach,training for teaching,teachers with the minimum required qualifications,,,,,,,,,,,,,,,,,,,,,,,,,,,,,,,,,,,,,,,,,,,,,,
42,SDG 5,5.0,Sustainable Development Goal 5,SDG 5,empower women,Inequalities based on sex,empower girls,Women’s empowerment,Woman’s empowerment,girls’ empowerment,empower female,female rights,woman’s rights,equal opportunity for women,equal opportunity for woman,equal opportunity for girls,women equality,woman equality,gender equality,equality between men and women,equality between man and woman,equality between boys and girls,equality between girls and boy,equality between women and men,equality between woman and man,inequalities for women,inequalities for woman,inequalities for girls,gender inequality,Inequalities faced by girls,Inequalities faced by women,Inequalities faced by woman,gender parity,parity between men and women,parity between man and woman,parity between boys and girls,parity between girls and boy,parity between women and men,parity between woman and man,same rights as men,women and men have equal rights,woman and man have equal rights,women and men have the same rights,woman and man have the same rights,same rights for woman and man,same rights for women and men,same rights for girls and boys,same rights for man and woman,same rights for men and women,same rights for boys and girls,gender pay gap,gender discrepancy,Gender Action Plan,sharing of responsibilities between women and men,sharing of responsibilities between men and women,women rights,,,,
43,SDG 5,5.1,woman discrimination,gender discrimination,women discrimination,discrimination for women,discrimination for woman,discrimination for girls,discrimination faced by girls,discrimination faced by women,discrimination faced by woman,girls are deprived,women are deprived,woman  deprived,women discriminated,woman discriminated,girls discriminated,discriminated women,discriminated woman,discriminated girls,discrimination on the basis of sex,discrimination by sex,discrimination on the basis of gender,discrimination by gender,equal treatment women,,,,,,,,,,,,,,,,,,,,,,,,,,,,,,,,,,,
44,SDG 5,5.2,gender violence,violence against woman,violence against girls,gender-based violence,marital violence,violence within marriage,dowry-related death,sexual harassment,rape victim,intimate partner violence,rape women,women rape,violence against women,abuse women,women abuse,abuse woman,woman abuse,rape woman,woman rape,protect women from violence,protect woman from violence,marital rape,women sexually assaulted,woman sexually assaulted,domestic violence,,,,,,,,,,,,,,,,,,,,,,,,,,,,,,,,,
45,SDG 5,5.3,forced marriage,fgm,female genital mutilation,child marriage,forced into early marriage,genital cutting,marrying in childhood,Marriage before the age of,,,,,,,,,,,,,,,,,,,,,,,,,,,,,,,,,,,,,,,,,,,,,,,,,,
46,SDG 5,5.4,unpaid domestic work,unpaid care,shared household responsibility,sharing family responsibility,responsibility shared household,Unpaid domestic services,,,,,,,,,,,,,,,,,,,,,,,,,,,,,,,,,,,,,,,,,,,,,,,,,,,,
47,SDG 5,5.5,women in leading positions,women in managerial positions,women in management positions,women in parliament,women in top position,female CEO,female boss,women in government,women leading,leading women,women are serving in parliament,women in positions of leadership,women leadership,women’s representation in policy,women’s representation politics,woman in leading positions,woman in managerial positions,woman in management positions,woman in parliament,woman in top position,woman in government,woman leading,leading woman,woman serving in parliament,woman in positions of leadership,woman leadership,woman’s representation in the political,woman’s representation in policy,women in political leadership,woman in political leadership,woman in political offices,women in political offices,seats held by women,positions held by women,females employed in decision-making,females employed in management roles,women who are employed in decision-making,women employed in management roles,woman employed in decision-making,woman employed in management roles,women in decision-making,women in management roles,woman in decision-making,woman in management roles,gender balance on company boards,female-led households,,,,,,,,,,,,
48,SDG 5,5.6,reproductive rights,sex education,freedom for women in sexual relations,freedom for woman in sexual relations,,,,,,,,,,,,,,,,,,,,,,,,,,,,,,,,,,,,,,,,,,,,,,,,,,,,,,
49,SDG 5,5.a,land rights for women,women owned business,womens right to land,womens property rights,female property ownership,womens property,female land ownership,women land ownership,gender discrimination in land ownership,land rights for woman,woman owned business,womans right to land,womans property rights,womens land,woman land ownership,inheritance rights for woman,inheritance rights for women,women inheritance rights,woman inheritance rights,give women equal rights land,give women equal rights property,gender balance on ownership over agricultural land,gender balance on tenure rights over agricultural land,gender balance over agricultural land,woman owning land,women owning land,women equal rights to land,,,,,,,,,,,,,,,,,,,,,,,,,,,,,,,
50,SDG 5,5.b,women in technology,women in tech,gender and technology,technology and women,female tech leader,women techmakers,ict women,women ict,gender ict,ict gender,woman in technology,woman in tech,technology and woman,woman techmakers,ict woman,woman ict,mobile phone for women,mobile phone for girls,women with mobile phones,girls with mobile phones,,,,,,,,,,,,,,,,,,,,,,,,,,,,,,,,,,,,,,
51,SDG 5,5.c,gender laws,gender-neutral legislation,gender-sensitive legislation,gender-relevant legislation,gender legislation,public allocations for gender equality,laws gender,equality in law for women,women business and the law,women and law,gender equality law,gender equality legislation,law gender equality,equality in law for woman,discriminatory laws for women,discriminatory laws for woman,legislation on domestic violence,laws protecting women,address the way laws impact the decisions women take,give women and men equal legal rights,give men and women equal legal rights,gender approach in legislation,gender approach in policy,integrate gender in legislation,integrate gender in policy,gender mainstreaming,mainstreaming gender,gender sensitive legislation,gender sensitive policy,gender sensitive budget,gender budgeting,,,,,,,,,,,,,,,,,,,,,,,,,,,
52,SDG 6,6.0,Sustainable Development Goal 6,SDG 6,ensure water availability,ensure availability of water,water and sanitation,sustainable management of sanitation,,,,,,,,,,,,,,,,,,,,,,,,,,,,,,,,,,,,,,,,,,,,,,,,,,,,
53,SDG 6,6.1,safe drinking water,drinking water access,affordable drinking water,access to drinking water,dwindling drinking water,water insecurity,drinking water stress,freshwater resources,drinking water services,improved drinking water source,basins where water use exceeds recharge,availability of water,recurring water shortages,safely-managed drinking water,shortfall in freshwater resources,water crisis,Drinking water supply,,,,,,,,,,,,,,,,,,,,,,,,,,,,,,,,,,,,,,,,,
54,SDG 6,6.2,equitable sanitation,washing facility,access to sanitation,equitable hygiene,cleaning facilities,open defecation,sanitation service,ensure sanitation,hand hygiene,handwashing,WASH services,"basic water, sanitation and hygiene facilities",basic water services,safely managed sanitation facilities,access to toilets,access to latrines,inadequate sanitation,lack of access to sanitised water,adequately disposed excreta,adequately treated excreta,safe sanitation,sanitary facilities,urban sanitation,sanitation infrastructure,sanitary conditions,adequate sanitation,,,,,,,,,,,,,,,,,,,,,,,,,,,,,,,,
55,SDG 6,6.3,water quality,wastewater treatment,waste water treatment, waste water management,untreated waste water,untreated wastewater,water pollution,nitrate in rivers,phosphate in rivers,reclaimed water,recycled water,pollution of surface water,pollution of water,pollution of groundwater,pollution of the aquatic environment,safeguard zones for surface and groundwater,clean water,lack of running water,untreated water,wastewater discharged into rivers without pollution removal,wastewater discharged into sea without pollution removal,wastewater management,degradation of water resources,water treatment projects,water treatment plant,recycling of treated water,,,,,,,,,,,,,,,,,,,,,,,,,,,,,,,,
56,SDG 6,6.4,water exploitation index,water-use efficiency,sustainable water,efficient water,water stress,freshwater withdrawal,available freshwater, water scarcity,scarce water,water resource efficiency,water-saving technologies,water saving techniques,Water efficiency,,,,,,,,,,,,,,,,,,,,,,,,,,,,,,,,,,,,,,,,,,,,,
57,SDG 6,6.5,water resource management,integrated water resource,transboundary basin,water cooperation,water management,sustainable management of water,watershed management,reliable irrigation,equitable use of water,water catchment area,,,,,,,,,,,,,,,,,,,,,,,,,,,,,,,,,,,,,,,,,,,,,,,,
58,SDG 6,6.6,protect wetlands,wetland protection,river protection,protect rivers,water basin protection,water-related ecosystem,protect water resource,restore water,draining wetland,natural wetlands lost,restore wetlands,restore freshwater ecosystems,restore river,river restored,restore floodplains,floodplains restored,,,,,,,,,,,,,,,,,,,,,,,,,,,,,,,,,,,,,,,,,,
59,SDG 6,6.a,water oda,water-related oda,water-related official development assistance,sanitation-related oda, sanitation-related official development assistance,water programmes in developing countries,sanitation in developing countries,water harvesting in developing countries, water efficiency in developing countries,official development assistance for water projects,,,,,,,,,,,,,,,,,,,,,,,,,,,,,,,,,,,,,,,,,,,,,,,,
60,SDG 6,6.b,local communities in water,community water management,community water system,community sanitation,community-led sanitation,community-led water,local water management,local water strategy,local water policy,managing local water,local management of water,,,,,,,,,,,,,,,,,,,,,,,,,,,,,,,,,,,,,,,,,,,,,,,
61,SDG 7,7.0,Sustainable Development Goal 7,SDG 7,sustainable energy,,,,,,,,,,,,,,,,,,,,,,,,,,,,,,,,,,,,,,,,,,,,,,,,,,,,,,,
62,SDG 7,7.1,energy access,electricity access,access to energy,access to electricity,modern energy,"access to affordable, reliable and modern energy",energy for all,energy-poor country,stand-alone energy services,energy security,affordable energy,widely available energy,increase electrification,access to clean cooking fuels,limited electricity,reliable electricity,unreliable electricity,access to power,uninterrupted energy,scarce energy resources,energy supply needs to be secure and affordable,energy supply secure and affordable,energy supply affordable,keep home adequately warm,reduce energy poverty,electricity grids,mini-grids,micropower plants,energy wood,charcoal reduction,electricity generation,power plants,clean cooking,modern cooking systems,,,,,,,,,,,,,,,,,,,,,,,,
63,SDG 7,7.2,clean energy,renewable energy,energy mix,green energy,access to clean fuels,clean hydrogen,hydropower,hydraulic energy,wind energy,solar energy,hydroenergy production,eco-friendly energy,thermal power,solar power,unhealthy fuels,polluting fuels,power generated through renewable sources,solar panels,new solar systems,renewable power capacity,wind turbines,decarbonise energy,share of renewables,off-grid renewable,,hydroelectric,wind power,,,,,,,,,,,,,,,,,,,,,,,,,,,,,,,
64,SDG 7,7.3,energy productivity,energy efficiency,energy consumption,energy intensity,inefficient energy solutions,energy potential,energy saving,energy efficient production modes,energy efficient technologies,energy efficient buildings,efficient energy solutions,,,,,,,,,,,,,,,,,,,,,,,,,,,,,,,,,,,,,,,,,,,,,,,
65,SDG 7,7.a,clean energy research,clean energy technology,international cooperation for energy,financing energy,financing clean energy,renewable energy in developing countries,energy efficiency in developing countries,investment in energy in developing countries,hybrid systems in developing countries,energy preparedness,clean energy investments,development of the energy sector,investments in electricity generation, investments in electricity transmission,renewable energy investment projects,energy access partnership,,,,,,,,,,,,,,,,,,,,,,,,,,,,,,,,,,,,,,,,,,
66,SDG 7,7.b,sustainable energy in developing countries,sustainable energy in LDCs,Investments in energy efficiency in developing countries,clean energy in developing countries,developing countries clean energy,developing countries sustainable energy,energy services in developing countries,electricity access in developing countries,electricity in developing countries,energy independence developing countries,energy independence third world,sustainable local energy developing countries,clean energy sovereignty third world,clean energy sovereignty developing countries,clean energy sovereignty developing nations,clean energy sovereignty ldc,clean energy sovereignty least developed,sustainable local energy third world,sustainable local energy developing nations,sustainable local energy ldc,sustainable local energy least developed countries,,,,,,,,,,,,,,,,,,,,,,,,,,,,,,,,,,,,,
67,SDG 8,8.0,Sustainable Development Goal 8,SDG 8,sustainable economic growth,repair labour markets,boost jobs and growth,protect workers and jobs,economic recovery,,,,,,,,,,,,,,,,,,,,,,,,,,,,,,,,,,,,,,,,,,,,,,,,,,,
68,SDG 8,8.1,economic growth,economic development,gdp growth,growth rate of real gdp,growth rate of gdp,gross domestic product growth,gross added value,growth and jobs,inclusive growth,sustainable growth,productive sectors growth,,,,,,,,,,,,,,,,,,,,,,,,,,,,,,,,,,,,,,,,,,,,,,,
69,SDG 8,8.2,economic productivity,technological innovation,innovation union,technological progress,innovation and growth,competitiveness and innovation,innovation and competitiveness,improves economic performance,gains in productivity,boost productivity,improve productivity,productivity increase,,,,,,,,,,,,,,,,,,,,,,,,,,,,,,,,,,,,,,,,,,,,,,
70,SDG 8,8.3,job creation,creates quality jobs,entrepreneurship,support entrepreneurs,support productive activities,non‑agriculture employment,increase employment,new jobs,finance for enterprises,jobs and growth,creation job,encourage enterprises to be innovative,support for small and medium-sized enterprises,helping SMEs,help small and medium-sized enterprises,support to SMEs,creative jobs,sustainable jobs,emerging industry jobs,jobs in innovative sectors,access jobs, job-rich recovery,workers living in extreme poverty,stimulate business environment,stimulate investment climate,stimulate business climate,Ease of Doing Business Index,economic freedom,"support to Micro, Small and Medium Enterprises",support to MSME,private sectors organizations promotion,private sector development,supporting private SMEs,private sector advocacy,capital markets,regulatory framework for SMEs development,help entrepreneurs,create business climate,create business environment,create investment climate,support innovation of SMEs,support innovation of enterprise,support innovation of Small and medium sized ,,,,,,,,,,,,,,,
71,SDG 8,8.4,decouple economic growth,improve resource efficiency,material footprint,material consumption,resource productivity,green growth,climate-resilient growth,economic growth decoupled from resource use,resource efficiency in consumption and production,,,,,,,,,,,,,,,,,,,,,,,,,,,,,,,,,,,,,,,,,,,,,,,,,
72,SDG 8,8.5,full employment,productive employment,decent work,unemployment,inclusive employment,equal pay,high-skilled employment,help most vulnerable to return to the labour,quality employment,minimum wage,fair working conditions,gender pay gap,gender balanced labour market,decent job,inclusive job,quality job,job creation for the most vulnerable,creation of job opportunities,decent labour,protecting jobs,women participation in the labour force,informal employment,underutilized women in the labour force,help women make steady incomes,vocational rehabilitation,employment of people with disabilities,recruitment of persons with disabilities,Decent employment,access to employment,unpaid work,underutilised women in the labour force,poor job search skills,,,,,,,,,,,,,,,,,,,,,,,,,,
73,SDG 8,8.6,unemployment among youth,youth employment,youth unemployment,youth training,youth work,jobs for youth,young people employed,young people unemployed,help young people get into work,"young people aged 15 to 29 not in employment, education or training",education for insertion into the labour market,NEET,"helped 3.5 million young people a year to get in training, education or work","help young people to get in training, education or work","young people not in employment, education or training",,,,,,,,,,,,,,,,,,,,,,,,,,,,,,,,,,,,,,,,,,,
74,SDG 8,8.7,forced labour,child labour,forced slavery,human trafficking,child soldier, child domestic workers,protection of children affected by armed conflict,prevention of recruitment of minors,recruitment of youth by extremists groups,,,,,,,,,,,,,,,,,,,,,,,,,,,,,,,,,,,,,,,,,,,,,,,,,
75,SDG 8,8.8,labour right,safe working,secure working,precarious employment,occupational injuries,occupational accidents,accidents at work,collective bargaining,labour union,employee rights,health and safety requirements,health and safety of workers,health protection of workers,health and safety resulting from workplace,health surveillance of workers,protection of workers' health,protection of workers against risks to their health,health requirements for work, health relating to workstation,workers’ safety and health,health of workers,safety and health of workers,occupational health,health and safety requirements regarding the exposure of workers to the risks,exposure of workers to the risks,workers’ health,health of exposed workers,protection for all workers,health at work,Health Protection at Work,health and safety conditions of the work,protection of the health and safety of workers,safety requirements at the workplace,protection of labour,labour standard,improving the labour conditions,workers’ rights,,,,,,,,,,,,,,,,,,,,,
76,SDG 8,8.9,impact of sustainable tourism,monitoring sustainable tourism,evaluate sustainable tourism,sustainable tourism evaluation,sustainable tourism monitoring,plan for sustainable tourism,eco-tourism,culture linked to tourism,agri-tourism,green tourism,inclusive tourism,responsible tourism,responsible ecotourism,promote local culture,promote local products,,,,,,,,,,,,,,,,,,,,,,,,,,,,,,,,,,,,,,,,,,,
77,SDG 8,8.10,access to banking,access to financial service,access to insurance,commercial bank branches,number of atm,automated teller machines,mobile money service,bank account,financial inclusion,access to credit and financial services,financial service providers,microfinance,micro-credit,,,,,,,,,,,,,,,,,,,,,,,,,,,,,,,,,,,,,,,,,,,,,
78,SDG 8,8.a,aid for trade,aid for disbursement,trade-related technical assistance,trade-related assistance,trade-related direct foreign investment,FDI for trade,trade policy development support,,,,,,,,,,,,,,,,,,,,,,,,,,,,,,,,,,,,,,,,,,,,,,,,,,,
79,SDG 8,8.b,strategy for youth employment,policy for youth employment,global jobs pact,youth employment strategy,increase professional abilities of the youth,increase the employability of the youth,youth unemployment rise,opportunities for youth to enter the labour market,enabling youth entrepreneurship,enhancing youth entrepreneurship,empowering youth,reinforcing youth participation,reinforcing youth leadership,opportunities for youth employment,enhancing youth employability,creating opportunities for youth,creating incentives for entrepreneurship for youth,creating incentives for innovation for youth,employment opportunities for the youth,instrument to fight youth unemployment,youth employment policy,,,,,,,,,,,,,,,,,,,,,,,,,,,,,,,,,,,,,
80,SDG 9,9.0,Sustainable Development Goal 9,SDG 9,digital transformation,digitalisation,,,,,,,,,,,,,,,,,,,,,,,,,,,,,,,,,,,,,,,,,,,,,,,,,,,,,,
81,SDG 9,9.1,quality infrastructure,resilient infrastructure,sustainable infrastructure,reliable infrastructure,all-season road,transborder infrastructure,regional infrastructure,inland waterways,passenger transport,freight transport,transport infrastructure,infrastructure providing basic services,enhancement of basic infrastructure,infrastructure gaps,chronic infrastructure deficit,transport system and infrastructure,,,,,,,,,,,,,,,,,,,,,,,,,,,,,,,,,,,,,,,,,,
82,SDG 9,9.2,inclusive industrialisation,sustainable industrialization,manufacturing value,high technology employment,medium technology employment,employment in high technology,employment in medium technology,manufacturing industry,industrial modernization,industrial modernisation,manufacturing employment,construction of industrial parks,solar industry,clean industry,cultural industries,creative industries,sustainable industrialisation,inclusive industrialization,,,,,,,,,,,,,,,,,,,,,,,,,,,,,,,,,,,,,,,,
83,SDG 9,9.3,small scale industry,small enterprises and financial services,access to finance small scale industry,access to finance industry,industry access to finance,credit small scale indsutry,small scale industry access to credit,small scale industry credit,financial instrument supporting Union enterprises,financial instrument to support enterprises,financial instrument for enterprises,financial instrument for SME,loans to expansion and growth-stage enterprises,loans for enterprises,loans for SME,credit for enterprises,credit for SME,access to finance for rural Micro-Enterprises,access to finance for SME,SME finance,SME credit,financial support SME,promote SME,SME access,SME internationalisation,funding SME,promote transational participation SME,provide capacity building to micro and small enterprises,provide advice to micro and small enterprises,small producers,small private businesses,small production,small cooperatives,micro small medium enterprises,"micro, small and medium-sized enterprises",small-scale farmers,small business,finance market for the innovative companies,finance market for SMEs,access to finance for MSMEs,,,,,,,,,,,,,,,,,,
84,SDG 9,9.4,upgrade infrastructure,sustainable industrial process,retrofitting,retrofit,resource-use efficiency,upgrade existing infrastructure,clean technologies,low-emission technologies,industry transition to sustainable,,,,,,,,,,,,,,,,,,,,,,,,,,,,,,,,,,,,,,,,,,,,,,,,,
85,SDG 9,9.5,innovative infrastructure,innovative industry,industrial innovation,industry technology,research and development,R&D,innovative technology,green technology,Expenditure in Research,Expenditure in Innovation,personnel employed in RD&I,foster innovation,Investing in digital infrastructure,research and innovation,innovation and research,Horizon Europe,Eurostars,EUREKA,establish research cells,foster research and partnerships,set up research partnerships,networks for research,facilitate innovation,foster technological progress,foster research cooperation,facilitate research cooperation,improve research cooperation,strengthen research cooperation,scientific research,science technology and innovation,STI,Science Technology Research and Innovation,,,,,,,,,,,,,,,,,,,,,,,,,,
86,SDG 9,9.a,international support to infrastructure,development assistance to infrastructure,infrastructure in developing countries,infrastructure development in developing countries,developing countries infrastructure,oda for rural infrastructure development,official development assistance for rural infrastructure,,,,,,,,,,,,,,,,,,,,,,,,,,,,,,,,,,,,,,,,,,,,,,,,,,,
87,SDG 9,9.b,research in developing countries,innovation in developing countries,technology development in developing countries,technologies in developing countries,industry in developing countries,industrial diversification in developing countries,research and development developing countries,developing countries research and development,developing countries technology,developing countries innovation,R&D in developing countries,,,,,,,,,,,,,,,,,,,,,,,,,,,,,,,,,,,,,,,,,,,,,,,
88,SDG 9,9.c,internet access,access to free internet,access to information technology,access to ICT,access to communication technology,network coverage,access internet,ict access,information technology access,fibre-optic internet,internet connectivity,internet networks,provide free internet,affordable internet package,making ICT more accessible,intercontinental hub for ICT,ICT Policy,provide ICT classes,ICT literacy,improvements of the ICT systems,ICT in partnership,improve communications infrastructure,area covered by a mobile network,digitalization of businesses and services,bridge the digital divide,people who remain offline,people unable to access online,potential of digital technologies,reach of a mobile-cellular signal,3G network in developing countries,higher-quality network,equal access to information and knowledge,optic fibre in ldc,broadband in ldc,4G network in ldc,5G network in ldc,optic fibre in least developed countries,broadband in least developed countries,optic fibre in developing countries,broadband in developing countries,3G network in least developed countries,3G network in ldc,,,,,,,,,,,,,,,,
89,SDG 10,10.0,Sustainable Development Goal 10,SDG 10,reduce inequalities,Inequality within countries,Inequality among countries,equality within countries,equality among countries,Inequalities for vulnerable,equalities for vulnerable,equality for everyone,global equality,achieve greater equality,achieve equality,reducing poverty and inequality,social fairness,equality for all,fighting inequalities,,,,,,,,,,,,,,,,,,,,,,,,,,,,,,,,,,,,,,,,,
90,SDG 10,10.1,economic equality,economic inequalities,equitable income growth,equitable distribution of income,equal payment,income equality,income inequality,equal income,payment inequality,payment equality,Inequalities based on income,Gini index,income disparities,distribution of real income,,,,,,,,,,,,,,,,,,,,,,,,,,,,,,,,,,,,,,,,,,,,
91,SDG 10,10.2,political inclusion,social inclusion,economic inclusion,social inequalities,political inequalities,Inequalities based on age,Inequalities based on disability,Inequalities based on sexual orientation,Inequalities based on race,Inequalities based on class,Inequalities based on ethnicity,Inequalities based on religion,race inequalities,class inequalities,ethnicity inequalities,religion inequalities,empower lower income earners,people living below 50 percent of median income,inclusion in society,inclusion of people with disabilities,support for people with disabilities,inclusion for all,inclusion of persons with disabilities,promote inclusion,participation of persons with disabilities,participation of people with disabilities,involvement of persons with disabilities,,,,,,,,,,,,,,,,,,,,,,,,,,,,,,,
92,SDG 10,10.3,inequalities of outcome,discriminatory law,equal opportunity,discrimination,discriminatory practices,equality act,equality of outcome,equal treatment,inequalities of opportunity,disparities of opportunity,be discriminated,racism,homophobia,transphobia,religious intolerance,discriminatory policies,same opportunities for all,anti-discrimination legislation,accessibility non-discrimination,social cohesion,,,,,,,,,,,,,,,,,,,,,,,,,,,,,,,,,,,,,,
93,SDG 10,10.4,social protection policy,fiscal equality,social protection transfer,equality and social policy,social equality,wage equality,progress equality,advance equality,increase equality,improve equality,enhance equality,Redistributive impact of fiscal policy,,,,,,,,,,,,,,,,,,,,,,,,,,,,,,,,,,,,,,,,,,,,,,
94,SDG 10,10.5,regulation of financial market,monitoring of financial market,regulation of financial institution,monitoring of financial institution,financial soundness,financial health,improve the regulation on income,,,,,,,,,,,,,,,,,,,,,,,,,,,,,,,,,,,,,,,,,,,,,,,,,,,
95,SDG 10,10.6,decision power of developing countries,voting rights of developing countries,participation of developing countries,voice of developing countries,decision-making in developing countries,developing countries are better represented in decision-making,developing countries represented in decision-making,developing countries representation in decision-making,equal representation in international organizations,,,,,,,,,,,,,,,,,,,,,,,,,,,,,,,,,,,,,,,,,,,,,,,,,
96,SDG 10,10.7,safe migration,responsible migration,orderly migration,migration policies,manage migration,policies for migration,safe mobility of people,people who died or disappeared in the process of migration,died in migration,deaths in migration,deaths of migrants,irregular departures,migrant status,refugees,forced displacement,internally displaced people,migration partnerships,internally displaced persons,irregular migration,return and readmission,Regularised status,voluntary returns,border management,migration routes,resettlement,migration governance,migration management,asylum,assisted voluntary return,legal mobility,sustainable reintegration,border control,smuggling of migrants,migrant smuggling,host communities,diaspora,,,,,,,,,,,,,,,,,,,,,,
97,SDG 10,10.a,special treatment of developing countries,developing countries treated special,differential treatment for developing countries,developing countries special rights,special rights for developing countries,differential treatment provision,Tariff line for developing countries,Tariff line for least developed countries,Tariff line for LDCs,differential treatment for least developed countries,differential treatment for LDCs,tariff rates on goods coming from developing countries,tariff rates on goods from developing countries,tariff rates for developing countries,tariff rates for least developed countries,tariff rates for LDCs,,,,,,,,,,,,,,,,,,,,,,,,,,,,,,,,,,,,,,,,,,
98,SDG 10,10.b,development aid to neediest countries,aid to ldc,aid to developing,aid least developed,aid small island,assistance ldc,assistance small island,assistance least developed,direct investment developing countries,direct investment ldc,direct investment small island,direct investment least developed,fdi developing countries,fdi least developed,fdi ldc,fdi small island,resource flows for development,resource flows to developing countries,resource flows to least developed countries,resource flows to LDCs,development assistance,direct investment to regions where the need is greatest,,,,,,,,,,,,,,,,,,,,,,,,,,,,,,,,,,,,
99,SDG 10,10.c,remittance cost,remittance corridors,remittance transfer cost,remittance transaction cost,migrant remittances,remittances from migrants,,,,,,,,,,,,,,,,,,,,,,,,,,,,,,,,,,,,,,,,,,,,,,,,,,,,
100,SDG 11,11.0,Sustainable Development Goal 11,SDG 11,resilient cities,resilient communities,resilient human settlement,,,,,,,,,,,,,,,,,,,,,,,,,,,,,,,,,,,,,,,,,,,,,,,,,,,,,
101,SDG 11,11.1,access to housing,safe housing,adequate housing,affordable housing,inadequate housing,slum,informal settlements,live in informal area,right to housing,urban renewal,demand for housing,capacity building of the communal services,overburdened services,social housing,,,,,,,,,,,,,,,,,,,,,,,,,,,,,,,,,,,,,,,,,,,,
102,SDG 11,11.2,affordable transport,safe transport,accessible transport,public transport,sustainable transport,transport system,clean transport,clean mobility,clean urban mobility,electric transport,reshaping of the transport sector,rail transport network,climate resilient transportation infrastructure,efficient technologies for transportation,sustainable urban mobility,sustainable mobility,sustainable and smart mobility,multimodal mobility,,,,,,,,,,,,,,,,,,,,,,,,,,,,,,,,,,,,,,,,
103,SDG 11,11.3,inclusive urbanization,sustainable urbanization,urban planning,urban management,sustainable human settlement,urban development,city planning,sustainable cities,urban sustainability,participation in urban,participation and urban planning,citizen participation,urban social participation,urban participation,inclusion and civil society,inclusive cities,inclusive communities,sustainable communities,design of urban settlements,disadvantaged urban areas,new urban agenda,urban growth,urban transition,urban wellbeing,urban environment,better urban governance,urban centres as economic poles,sustainable urban expansion,urban spaces management,mega-cities pressure,local authorities planning,inclusive human settlement,safe human settlement,inclusive urbanisation,sustainable urbanisation,,,,,,,,,,,,,,,,,,,,,,,
104,SDG 11,11.4,cultural heritage,natural heritage,unesco world heritage,heritage protection,heritage conservation,heritage park,,,,,,,,,,,,,,,,,,,,,,,,,,,,,,,,,,,,,,,,,,,,,,,,,,,,
105,SDG 11,11.5,disaster related deaths,disaster related cost,flood victim,flood related cost,damage due to flooding,disaster resilience,disaster vulnerability,disaster damage,direct economic loss disaster,economic loss climate-related,economic loss natural disaster,disaster risk management,disaster risk reduction,disaster management,disaster preparedness,disaster mitigation,post-disaster response,disaster emergency action,DRR, Sendai Framework,economic cost of disasters,,,,,,,,,,,,,,,,,,,,,,,,,,,,,,,,,,,,,
106,SDG 11,11.6,urban solid waste,urban waste,air pollution in cities,urban air pollution,air pollution in urban,particulate matter in cities,particulate matter in urban,smart waste management,improvements to air quality,waste management and recycling schemes,urban waste reduction,urban waste pickers,urban waste recycling,urbanization pressure,urban hazardous waste,municipal waste generation and management,municipal waste management,quality of the air we breathe,"reduce air, water and noise pollution",zero-emission mobility,reduce congestion and pollution especially in urban areas,,,,,,,,,,,,,,,,,,,,,,,,,,,,,,,,,,,,,
107,SDG 11,11.7,green space,inclusive public space,safe public space,open space in cities,urban parks,green urban development,green urban transition,Green urban spaces,Urban Greening Plans,accessible urban forests,accessible urban gardens,Greening urban,,,,,,,,,,,,,,,,,,,,,,,,,,,,,,,,,,,,,,,,,,,,,,
108,SDG 11,11.a,regional planning,regional development plan, regional development strategy,urban development plan, urban development strategy,peri-urban area,sub urban area,urban rural interface,rural urban interface,regional programmes,improve regional management,regional network,regional development projects,regional integration,regional driving force,urban development at regional level,innovation at regional level,regional strategy,initiatives of regional importance,regional socioeconomic integration,regional and triangular cooperation potential,regional initiatives,community-driven solutions,"global, regional and country-level action",,,,,,,,,,,,,,,,,,,,,,,,,,,,,,,,,,
109,SDG 11,11.b,urban disaster risk,disaster risk management in urban,disaster risk reduction in urban,disaster risk reduction strategy,urban inclusion,climate change adaptation urban,climate change adaptation plan urban,urban climate change adaptation,urban climate change mitigation,climate change mitigation urban,climate change mitigation plan urban,local disaster risk,disaster risk reducation plan,urban disaster resilience,foster inclusion in cities,fight inequalities in cities,facilitate inclusion in cities,tackle inequalities in cities,,,,,,,,,,,,,,,,,,,,,,,,,,,,,,,,,,,,,,,,
110,SDG 11,11.c,support LDC in utilizing local building materials for sustainable buildings,support LDC in utilising local building materials for sustainable buildings,support ldc in sustainable building,support least developed countries in sustainable building,support developing countries in sustainable building,support ldc in resilient building,support least developed countries in resilient building,support developing countries in resilient building,support ldc in building sustainable,support least developed countries in building sustainable,support developing countries in building sustainable ,support ldc in building resilient,support least developed countries in building resilient,support developing countries in building resilient,,,,,,,,,,,,,,,,,,,,,,,,,,,,,,,,,,,,,,,,,,,,
111,SDG 12,12.0,Sustainable Development Goal 12,SDG 12,change our consumption and production patterns,sustainable consumption,sustainable production,responsible consumption,responsible production,shift our consumption and production patterns to more sustainable,change the way we produce,change the way we consume,reduce our ecological footprint,sustainable patterns of consumption,sustainable patterns of production,,,,,,,,,,,,,,,,,,,,,,,,,,,,,,,,,,,,,,,,,,,,,
112,SDG 12,12.1,SCP national action,SCP national plan,SCP national programme,Programmes on Sustainable Consumption and Production,sustainable consumption and production action plan,sustainable consumption and production in national plan,sustainable consumption and production in national policies,sustainable consumption action plan,sustainable consumption in national plan,sustainable consumption in national policies,sustainable production action plan,sustainable production in national plan,sustainable production in national policies,policy instruments aimed at supporting the shift to sustainable consumption and production,policy instruments to support the shift to sustainable consumption and production,policy instruments to support sustainable consumption and production,policy instruments for sustainable consumption and production,policy for sustainable consumption and production,policy to promote Sustainable Consumption and Production,,,,,,,,,,,,,,,,,,,,,,,,,,,,,,,,,,,,,,,
113,SDG 12,12.2,sustainable resource use,sustainable resource management,natural resource efficiency,resource use efficiency,material footprint,efficient resource use,efficient use of resources,material consumption,use natural resources sustainably,use natural resources unsustainably,efficient management of natural resources,sustainable natural resource use,use resources sustainably,improve the resource efficiency,sustainable raw materials,,,,,,,,,,,,,,,,,,,,,,,,,,,,,,,,,,,,,,,,,,,
114,SDG 12,12.3,food waste,food loss,post harvest loss,waste food,food lost in supply chains,reduce the environmental impact of the food processing,,,,,,,,,,,,,,,,,,,,,,,,,,,,,,,,,,,,,,,,,,,,,,,,,,,,
115,SDG 12,12.4,waste management,chemical waste,hazardous waste,hazardous chemical,waste treatment,management of chemicals,management of wastes,chemical release,chemicals pollution,waste pollution,hazardous pesticides,Persistent Organic Pollutants,toxic waste,solid waste,waste processing,waste collection,,,,,,,,,,,,,,,,,,,,,,,,,,,,,,,,,,,,,,,,,,
116,SDG 12,12.5,waste reduction,reduce waste,recycling,upcycling,reuse of resources,circular economy,waste-to-energy,resource reuse,,,,,,,,,,,,,,,,,,,,,,,,,,,,,,,,,,,,,,,,,,,,,,,,,,
117,SDG 12,12.6,sustainability reporting,company sustainability,sustainable business strategy,sustainability information,sustainability in companies,,,,,,,,,,,,,,,,,,,,,,,,,,,,,,,,,,,,,,,,,,,,,,,,,,,,,
118,SDG 12,12.7,sustainable public procurement,green public procurement,sustainable procurement,green procurement,climate-friendly public procurement,climate-friendly procurement,GPP,,,,,,,,,,,,,,,,,,,,,,,,,,,,,,,,,,,,,,,,,,,,,,,,,,,
119,SDG 12,12.8,education for sustainable development,climate change education,awareness for sustainable development,sustainability education,awareness sustainability,sustainability awareness,sustainability campaign,encourage sustainability,Ensure consumer information,adequate consumer information,sustainable lifestyle,sustainable way of life,sustainability in every day life,sustainable behaviour,lifestyles in harmony with nature,lifestyles in harmony with environment,lifestyles respect nature,lifestyles respect environment,sustainable consumer choices,adopt sustainable practices,empower consumers to make informed choices,enabling buyers to make sustainable decisions,"give consumers better 
information",informed consumer choices,,,,,,,,,,,,,,,,,,,,,,,,,,,,,,,,,,
120,SDG 12,12.a,support developing countries sustainable,promote sustainability in developing countries,promote sustainable lifestyle in developing countries,sustainable consumption in developing countries,developing countries sustainable lifestyle,developing countries sustainable consumption,sustainable production developing countries,developing countries sustainable production,,,,,,,,,,,,,,,,,,,,,,,,,,,,,,,,,,,,,,,,,,,,,,,,,,
121,SDG 12,12.b,sustainable tourism,tourism that promotes local culture,tourism that promotes local products,monitor the economic and environmental aspects of tourism,monitor the environmental impact of tourism,tourism policies,tourism sustainable,,,,,,,,,,,,,,,,,,,,,,,,,,,,,,,,,,,,,,,,,,,,,,,,,,,
122,SDG 12,12.c,fossil-fuel subsidies,carbon taxation,carbon tax,subsidies to fossil fuels,environmental cost of fossil fuel,fossil fuel tax,,,,,,,,,,,,,,,,,,,,,,,,,,,,,,,,,,,,,,,,,,,,,,,,,,,,
123,SDG 13,13.0,Sustainable Development Goal 13,SDG 13,climate change,climate action,climate-neutral,climate neutrality,climate research and innovation,decarbonization,Paris Agreement,climate crisis,climate investment,climate ambition,decarbonisation,,,,,,,,,,,,,,,,,,,,,,,,,,,,,,,,,,,,,,,,,,,,,
124,SDG 13,13.1,disaster risk reduction,climate resilience,climate-related hazards,climate vulnerability,vulnerability to climate change,cope with climate change,coping strategies climate change,climate change cope,climate change resilience,resilient climate change,climate change adaptation,climate change mitigation,climate governance,prevent the effects of climate change,addressing climate impact,climate mitigation,mitigate natural disasters,reduce the impact of natural disasters,"adaptation to 
climate change",climate adaptation,hydrogeological disasters, extreme weather,mitigate impacts of climate change,resilience to climate,,,,,,,,,,,,,,,,,,,,,,,,,,,,,,,,,,
125,SDG 13,13.2,climate change measures,national climate change adaptation,planning for climate change adaptation,climate change adaptation strategy,climate adaptation plan,climate adaptation strategy,nationally determined contribution,national adaptation plans,climate plan,climate action plan,climate change strategy,necp,Governance of the Energy Union and Climate Action,climate change policy,meet the goals of the Paris Agreement,climate related planning,addressing climate policy issues,plan for climate neutrality,strategy on climate action,national adaptation plans for responding to climate change,climate action to meet the goals of the Paris Climate Change Agreement,reducing greenhouse gas emissions,reduce GHG,Climate law,emissions reduction,Climate Pact,reduce emissions,climate-related policy,climate legislation,integrate climate change into risk management practices,climate objectives,net zero emissions,greenhouse gas emission reductions,policies contribute to climate,reduce carbon emissions,NDC,Emission Trading,MRV,climate mitigation strategies,United Nations Framework Convention on Climate Change,climate change mitigation strategies,,,,,,,,,,,,,,,,,
126,SDG 13,13.3,climate change knowledge,climate change awareness,human capacity climate change,institutional capacity climate change,climate change mitigation capacity,climate change through education,improvement in climate change knowledge,climate change learning,learning climate change,education climate change,awareness climate change,awareness raising climate change,climate change curricula,research and innovation in climate,climate-related research,knowledge and understanding of climate change, knowledge of climate change,understanding of climate change,promote public awareness to address the effects of climate change,promote awareness to address climate change,climate change forum,better understand the risks posed by climate change,skills and attitudes on climate change,,,,,,,,,,,,,,,,,,,,,,,,,,,,,,,,,,,
127,SDG 13,13.a,green climate fund,climate related expending,funding climate change,financing climate change,development assistance to climate change,helping developing countries cut emissions,helping developing countries cope with climate impacts,green climate fund capitalization,address the needs of developing countries in the face of climate change,enable the climate finance,climate finance,Climate Change Fund,climate related investment,finance for climate action,investments on climate resilient,additional climate finance,green climate fund capitalisation,,,,,,,,,,,,,,,,,,,,,,,,,,,,,,,,,,,,,,,,,
128,SDG 13,13.b,climate change related planning in least developed,climate change related planning small island,raise capacity for effective climate change-related planning, raise capacity for effective climate change-related management,address the needs of developing countries to adapt to climate change,support developing countries in climate change,support small island developing states in climate change,,,,,,,,,,,,,,,,,,,,,,,,,,,,,,,,,,,,,,,,,,,,,,,,,,,
129,SDG 14,14.0,Sustainable Development Goal 14,SDG 14,sustainable use of seas,sustainable use of marine resources,life below water,marine and water resources,,,,,,,,,,,,,,,,,,,,,,,,,,,,,,,,,,,,,,,,,,,,,,,,,,,,
130,SDG 14,14.1,marine pollution,nutrient pollution,marine debris,coastal eutrophication,plastic debris,deterioration of coastal waters,coastal waters pollution,coastal water eutrophication,plastic litter,threaten marine environment,threaten marine life,marine litter,Clean Oceans,plastic waste ocean,ocean plastic waste,plastic ocean,plastic discharges ocean,oil spills ocean,oil spills sea,,,,,,,,,,,,,,,,,,,,,,,,,,,,,,,,,,,,,,,
131,SDG 14,14.2,healthy ocean,productive ocean,marine ecosystem,coastal ecosystem,marine biodiversity,sustainable management of oceanic and coastal fisheries,protect lives and livelihoods in coastal areas,integrated costal management,water management in the sea basin,sustainable marine environments,sustainable maritime transport,coastal biodiversity,loss of coastal habitats,marine key biodiversity areas,oceans must be conserved,sustainable development of water ecosystems,protection of water and marine resources,conserve seas,conserve marine resources,protect oceans,protect seas,protect marine resources,protecting coastal wetlands,sustainably managing marine areas,sustainably managing coastal areas, maritime ecosystems,,,,,,,,,,,,,,,,,,,,,,,,,,,,,,,,
132,SDG 14,14.3,ocean acidification,marine acidity,ocean acidity,marine acidification,acidification ocean,acidification marine,acidity marine,acidity ocean,ph of the ocean,ph of the earths ocean,oceans ph,ocean chemistry,ocean pollution,ocean warming,ocean heat,marine heatwaves,,,,,,,,,,,,,,,,,,,,,,,,,,,,,,,,,,,,,,,,,,
133,SDG 14,14.4,overfishing,fish stock,sustainable fishing,destructive fishing,unregulated fishing,unreported fishing,illegal fishing,poor fisheries management,overexploited fish stocks,depleted fisheries,reduce the adverse impacts of fishing,Fisheries Agreement,fish industry,sustainable fisheries,SFPA,,,,,,,,,,,,,,,,,,,,,,,,,,,,,,,,,,,,,,,,,,,
134,SDG 14,14.5,marine protected area,marine protected sites,marine area conservation,conserve marine area,protect marine area,marine area protection,conserve coastal area,coastal area protection,protect coastal area,marine environment,international ocean policy,protect sea areas,,,,,,,,,,,,,,,,,,,,,,,,,,,,,,,,,,,,,,,,,,,,,,
135,SDG 14,14.6,fisheries subsidies,regulated fishing,subsidies fishing,fisheries law,fisheries management,add value locally to fisheries resources,sustainable ocean economy,,,,,,,,,,,,,,,,,,,,,,,,,,,,,,,,,,,,,,,,,,,,,,,,,,,
136,SDG 14,14.7,small island developing States marine resource,small island developing States sustainable use of marine resource,sustainable fisheries in small island,marine resource management small island developing,marine resources small island developing,marine resource use small island developing,sustainable aquaculture small island developing,small islands sustainable management of marine resources,,,,,,,,,,,,,,,,,,,,,,,,,,,,,,,,,,,,,,,,,,,,,,,,,,
137,SDG 14,14.a,ocean technology,research in marine technology,funds for marine technology,research and development in marine technology,,,,,,,,,,,,,,,,,,,,,,,,,,,,,,,,,,,,,,,,,,,,,,,,,,,,,,
138,SDG 14,14.b,small scale fisher,artisanal fisher,small scale fisheries,small scale fishing,family based fishery,small scale coastal fishermen,small fisheries, small-medium fisheries,,,,,,,,,,,,,,,,,,,,,,,,,,,,,,,,,,,,,,,,,,,,,,,,,,
139,SDG 14,14.c,ocean conservation,sustainable use of ocean,law of the sea,ocean related instrument,ocean related legislation,conservation of ocean,management of marine resource,ocean-related instruments for conservation and sustainable use,health of the ocean,ocean health,UNCLOS,,,,,,,,,,,,,,,,,,,,,,,,,,,,,,,,,,,,,,,,,,,,,,,
140,SDG 15,15.0,Sustainable Development Goal 15,SDG 15,conserve land resources,protect land resources,life on land,environmental protection,land restoration and decontamination,restore and protect nature,,,,,,,,,,,,,,,,,,,,,,,,,,,,,,,,,,,,,,,,,,,,,,,,,,
141,SDG 15,15.1,conserve terrestrial,restoration of terrestrial,restore inland freshwater,conserve inland freshwater,protect terrestrial, inland freshwater ecosystem,terrestrial ecosystem,terrestrial biodiversity,freshwater biodiversity,protect tundra,protect taiga,protect temperate deciduous forest, protect tropical rainforest,protect grassland,forests in protected areas,Well-managed protected areas,management of protected areas,land protected,restore ecosystem,land areas protected,protect land area,ecosystems protected,ecosystem restoration,maintain ecosystem,enhance ecosystem,restore degraded ecosystems,health of ecosystems,grassland protection,enhance healthy ecosystems,Effectively manage all protected areas,ensure all use of ecosystems is sustainable,sustainable use of ecosystem,achieve good condition of ecosystems,protection of natural ecosystems,natural ecosystems protection,restore natural ecosystems,natural ecosystems restoration,preserving ecosystems,maintaining biodiversity,enhancing biodiversity,conservation landscapes,landscape approach,conserve savanna,Landscape protection,Landscape restoration,Sustainable landscape management,Sustainable landscape use,Landscape ecology,sustainable use of terrestrial ecosystems,protect savanna,,,,,,,,
142,SDG 15,15.2,deforestation,deforested area,illegal logging,reforestation,afforestation,sustainable forest,forest management,management of forest,clearing forest,forest clearing,sustainable use of forest,conserve forest,protect forest,loss of forests,forest loss,forest lost,forests under long-term management plans,forests management plans,forest policy,forest planning,forests conserved,forests restored,restore forests,forest protection,mantain forests,maintenance of forest,Increase the quantity of forests,forest areas covered by management plans,protect forest ecosystems,restore forest ecosystems,protect world’s forests,restore world’s forests,forest preservation,forestry, forest resources,forest cover,forest reserves,forest degradation,agroforestry,forest partnership,sustainable development of forests,FLEGT,forest value chains',Muraille Verte,great green wall,GGWSSI,degraded forests,,,,,,,,,,,
143,SDG 15,15.3,degraded soil,degraded land,soil degradation,environmental degradation,land erosion,soil erosion,degraded area,erosive area,desertification,address the high fire risk,land affected by drought,land affected by floods,land restoration,degradation of drylands,restore land,reducing flood damage,restore soil ecosystems,land degradation,restore soil health,remediation of contaminated soil,organic soil,soil fertility,arable land,land use change,,,,,,,,,,,,,,,,,,,,,,,,,,,,,,,,,,
144,SDG 15,15.4,mountain ecosystem,conserve mountain area,mountain biodiversity,biodiversity mountain,mountain green cover index,montane ecosystem,mountain conservation,mountain area conservation,conservation mountain,mountain protected area,protect mountain,mgci,,,,,,,,,,,,,,,,,,,,,,,,,,,,,,,,,,,,,,,,,,,,,,
145,SDG 15,15.5,biodiversity loss,biodiversity degradation,red list index,natural habitat loss,natural habitat degradation,preserve natural habitat,natural habitat conservation,protect natural habitat,conserve natural habitat,restore biodiversity,protected species,species extinction,threatened species,species threatened with extinction,biodiversity at risk,loss of natural habitats,maintenance of biological diversity,biodiversity conservation,conserve biodiversity,extinction risk,risk of extinction,conservation of biological diversity,sustainable use of biological diversity,conserve wildlife habitats,restore wildlife habitats,conservation and sustainable use of biological diversity,biodiversity protection,biodiversity and nature protection,restore habitats and species,safeguard biodiversity,protect habitats and species,preserve biodiversity,sustain biodiversity,biodiversity-friendly,Red List species,high ecological value,Areas protected,protected areas,national parks,biological corridors,flagship species,iconic fauna,iconic species,IUCN red list,international union for conservation of nature,endangered species,,,,,,,,,,,,
146,SDG 15,15.6,fair and equitable sharing of genetic resources,access to genetic resources,utilize genetic resources,Genetic Resources and the Fair and Equitable Sharing of Benefits Arising from their Utilization,fair and equitable sharing of the benefits arising from the utilisation of genetic resource,Genetic resources preservation,preserve genetic resources,access and benefit-sharing of genetic resources,sustainably use genetic resources,safeguard genetic resources,nagoya protocol,utilise genetic resources,,,,,,,,,,,,,,,,,,,,,,,,,,,,,,,,,,,,,,,,,,,,,,
147,SDG 15,15.7,poaching,wildlife trafficking,traded wildlife,trafficking of protected species,illegal wildlife,poachers,animals illegally traded,plants illegally traded,,,,,,,,,,,,,,,,,,,,,,,,,,,,,,,,,,,,,,,,,,,,,,,,,,
148,SDG 15,15.8,invasive alien species,invasive species,invasive alien plant,invasive plant,,,,,,,,,,,,,,,,,,,,,,,,,,,,,,,,,,,,,,,,,,,,,,,,,,,,,,
149,SDG 15,15.9,ecosystem and biodiversity values integration,ecosystem service,ecosystem valuation,biodiversity valuation,value ecosystem,value biodiversity,biodiversity in local planning,biodiversity in local plans,biodiversity in national planning,biodiversity in national plans,biodiversity in development strategies,Plan for Biodiversity,strategy for biodiversity,biodiversity's intrinsic value,integrate biodiversity into the development and implementation of policies,integrate biodiversity into policies,biodiversity restoration plans,Environmental capital,,,,,,,,,,,,,,,,,,,,,,,,,,,,,,,,,,,,,,,,
150,SDG 15,15.a,biodiversity funding,financing conservation,financing protected area,financing biodiversity,official development assistance to conservation of nature,ecosystem benefits,benefits ecosystem,biodiversity benefits,benefits biodiversity,financial resources to conserve biodiversity,financial resources to conserve ecosystems,financial resources for biodiversity,financial resources for ecosystems,financial mobilization for ecosystems,financial mobilisation for ecosystems,public expenditure on conservation of biodiversity,public expenditure on conservation of ecosystems,public expenditure for biodiversity,public expenditure for ecosystems,Official development assistance for biodiversity,finance mobilized from biodiversity,ODA for biodiversity,resources to developing countries for biodiversity,resources for global biodiversity,resources to support biodiversity,resources to support ecosystem,funds for biodiversity,financial flows to developing countries for biodiversity,financial flows for biodiversity,,,,,,,,,,,,,,,,,,,,,,,,,,,,,
151,SDG 15,15.b,finance forest,funding forest,sustainable forest management funding,funding sustainable forest,funding forest conservation,funding conservation forest,redd+,finance conservation forest,forest management in developing countries,finance sustainable forest management,finance forest management,,,,,,,,,,,,,,,,,,,,,,,,,,,,,,,,,,,,,,,,,,,,,,,
152,SDG 15,15.c,global wildlife,wildlife crime prevention,protect wildlife,support against poaching and trafficking of protected species,global support for efforts to combat poaching,global support for efforts to combat trafficking of protected species,global support to combat poaching,global support to combat trafficking of protected species,global support to protected species,,,,,,,,,,,,,,,,,,,,,,,,,,,,,,,,,,,,,,,,,,,,,,,,,
153,SDG 16,16.0,Sustainable Development Goal 16,SDG 16,peaceful societies,societies for sustainable development,inclusive societies,promote peace,peacekeeping,protect democracy,ensure democracy,defend democracy,defense of democracy,defend democractic processes,human rights abuse,abuse human rights,"Peace, justice and strong institutions",Protection of Human Rights,international human rights,compliance with fundamental rights,respects the fundamental rights,defend human rights,human rights defend,Promote human rights,human rights violations,global peace and security,encompassing all human rights,Human Rights standards,religious intolerance,religious tolerance,extreme religious ideology,conflict resolution,,,,,,,,,,,,,,,,,,,,,,,,,,,,
154,SDG 16,16.1,homicide,conflict related death,physical violence,sexual violence,psychological violence,reduce violence,armed conflict,fleeing war,fleeing persecution,fleeing conflict,enforced disappearances,conflict and violence,reduce all forms of violence,end conflict,forcibly displaced,persecution,physical punishment,psychological aggression,victims of violence,local conflicts,religious conflict,violent extremism,violent groups,,,,,,,,,,,,,,,,,,,,,,,,,,,,,,,,,,,
155,SDG 16,16.2,children violence,abuse children,children abuse,children torture,child sexual abuse,sexual violence against children,sexual abuse of children,trafficking of children,child trafficking,torture of children, children's rights,risk of the minor being a victim of human trafficking,trafficking of minors,minor's trafficking,violence by caregivers,aggression by caregivers,violence by parents,aggression by parents,violence by mother,violence by father,calling a child offensive names,shaking the child,shaking the children,slapping child,slapping children,hitting child,hitting children,spanking child,spanking children,beating child,beating children,violence against children,violence against child,children in commercial sexual exploitation,sexual exploitation of children,child in commercial sexual exploitation,child in sexual exploitation,sexual exploitation of child,Child prostitution,child sexual slavery,children sexual exploitation,Children prostitution,children sexual slavery,violence in childhood,,,,,,,,,,,,,,
156,SDG 16,16.3,conflict resolution mechanism,unsentenced detainees,rule of law,access to justice,justice for all,equality of citizens,right to justice,law enforcement,reinforcing the law,ensure that international law is respected,assure justice,ensure justice,deliver justice,dispute resolution mechanism,respect for international law,judicial independence,improving justice,justice reform,impunity,,,,,,,,,,,,,,,,,,,,,,,,,,,,,,,,,,,,,,,
157,SDG 16,16.4,illicit flow,illicit financial,illicit arm,stolen asset,organized crime,seized arms,surrendered arms,financial illicit,inward illicit,outward illicit,illicit origin,illegal arm,illegal weapons,transfer of firearms,organised crime,funding armed groups,Combating the Financing of Terrorism,money laundering,KYC/AML/CFT,illicit drugs,anti-fraud,fraud,measures against illegal activities,arms trafficking,trafficking of arms,drug trafficking,trafficking of drugs,anti-money laundering,countering the financing of terrorism,IFF,,,,,,,,,,,,,,,,,,,,,,,,,,,,
158,SDG 16,16.5,corruption,bribery,bribe,anti-corruption,anticorruption,,,,,,,,,,,,,,,,,,,,,,,,,,,,,,,,,,,,,,,,,,,,,,,,,,,,,
159,SDG 16,16.6,transparent institutions,accountable public service,transparent public service,effective public services,quality public service,transparent public institutions,accountable public institutions,quality public institution,effective institutions,institutional capacity,public service quality,institutional transparency,institutional accountability,transparency in political process,transparency of political,enforce institutions,strong institutions,quality public administrations,effective governance,accountable institutions,inclusive institutions,"institution more agile and flexible, as well as more transparent",greater transparency and democratic legitimacy,good governance,weak governance,governance review,Institutional Strengthening,strengthening public institutions,governance in public institutions,Public Sector Strengthening,strong governance,resilient governance,inclusive governance,transparent governance,,,,,,,,,,,,,,,,,,,,,,,,
160,SDG 16,16.7,inclusive decision,responsive decision making,participatory decision,representative decision making,social equality in decision making,inclusive public service,public service inclusion,participation public service,public service participation,integrity of the electoral process,fair elections,electoral infrastructure,integrity of elections,threats to election,representation of workers,participation in democratic life,inclusive participation,stronger role to the voice of the people,inclusive approach with participation of all stakeholders,effective participation,enabling environment for CSOs,enabling environment for civil society organisations,multi-party dialogue,intra-community dialogue,inter-community dialogue,intercultural dialogue,inter-faith dialogue,civic space,structured dialogue CSO,Civil Society Strengthening,election monitoring,election observation,monitoring of elections,observation of elections,progress in institutionalising electoral democracy,structured dialogue civil society organisations,,,,,,,,,,,,,,,,,,,,,,
161,SDG 16,16.8,participation developing countries,developing countries participating,global governance developing countries,developing countries in international organizations,inclusion developing countries,developing countries inclusion,developing countries in global governance,,,,,,,,,,,,,,,,,,,,,,,,,,,,,,,,,,,,,,,,,,,,,,,,,,,
162,SDG 16,16.9,birth certificate,legal identity,legal registration and documentation of a person,undocumented people,birth registration,registered births,civil registration,children officially recorded,stateless,denied nationality,legally invisible,births were never registered,births not registered,Registration of birth,identity documentation,national identity cards,registration of civil status,civil registry,death registration,,,,,,,,,,,,,,,,,,,,,,,,,,,,,,,,,,,,,,,
163,SDG 16,16.10,public access to information,information access,free media,free press,threaten journalist,torture journalist,kidnapping journalist,killing journalist,journalists under risk,human right advocate,disappearences of human rights defenders,disappearances of journalists,disappearances of trade unionists,human rights defenders death,journalists death,trade unionists death,torture of human rights defenders,torture of trade unionists,Freedom to express views,Freedom to express opinion,freedom of information,right to information,journalist freedom,rights based approach,fundamental freedom,protect individual freedom,disappearances of human rights activist,disappearances of human rights advocates,disappearances of activists,disappearances of whistleblowers,,,,,,,,,,,,,,,,,,,,,,,,,,,,
164,SDG 16,16.a,Paris Principles,prevent violence,combat terrorism,combat crime,prevent crime,fight terrorism,counter terrorism,tackle terrorism,prosecute terrorism,address the threat of terrorist offences,terrorist offences and serious crime,prosecute terrorist offences,human rights institutions,institutions for human rights,NHRI,national human rights institutions,conflict management,security sector reforms,SSR,conflict sensitivity,Ministry of Defence,state and resilience building,European Peace Facility,,,,,,,,,,,,,,,,,,,,,,,,,,,,,,,,,,,
165,SDG 16,16.b,non-discriminatory law,sustainable development policies,non discriminatory policies,human rights law,human rights politics,human rights policy,human rights council,discriminatory policies,discriminatory law,law against discrimination,Charter of Fundamental Rights,policy for human rights,law for human rights,policies without discrimination,,,,,,,,,,,,,,,,,,,,,,,,,,,,,,,,,,,,,,,,,,,,
166,SDG 17,17.0,Sustainable Development Goal 17,SDG 17,global partnership,collaboration for sustainable development,global partners,,,,,,,,,,,,,,,,,,,,,,,,,,,,,,,,,,,,,,,,,,,,,,,,,,,,,
167,SDG 17,17.1,domestic resource mobilization,domestic capacity,domestic tax,international support to developing countries,domestic budget,improve tax collection,increase tax collection,raise tax revenue,increase tax revenue,improve tax revenue,reform tax systems,domestic revenue resources,tax systems reform,financial flows to developing countries,revenue mobilisation,domestic revenue,Public Finance Management,PFM,Public Expenditure and Financial Accountability,PEFA,Tax Administration,tax transparency,tax collection,taxpayers,tax evasion,budget transparency,resources mobilization for sustainable development,resources mobilisation for sustainable development,domestic resource mobilisation,tax avoidance,domestic funding,,,,,,,,,,,,,,,,,,,,,,,,,,,
168,SDG 17,17.2,official development assistance,oda,financial assistance over GNI,assistance for developing countries,international development cooperation,support developing countries,developing countries support,,,,,,,,,,,,,,,,,,,,,,,,,,,,,,,,,,,,,,,,,,,,,,,,,,,
169,SDG 17,17.3,financial support to developing countries,finance developing countries,financial resources to developing countries,foreign direct investments to developing countries,remittances to developing countries,FDI do developing countries,developing countries remittances,developing countries financial support,developing countries receive financial support,,,,,,,,,,,,,,,,,,,,,,,,,,,,,,,,,,,,,,,,,,,,,,,,,
170,SDG 17,17.4,restructure debt in developing countries,reduce debt in developing countries,restructure debt in Africa,support developing countries with debt,help developing countries with debt,unsustainable debt levels developing countries,debt burden least developed countries,debt level reduction developing countries,debt relief for developing countries,debt moratorium developing countries,debt moratorium least deveveloped countries,debt burden on developing countries,help developing countries manage their debt,debt of developing countries,reduce debt distress in developing countries,,,,,,,,,,,,,,,,,,,,,,,,,,,,,,,,,,,,,,,,,,,
171,SDG 17,17.5,investment promotion regime,foreign direct investment in the least developing countries,increased foreign direct investment flows,finance investment in developing countries,finance investment in last developing countries,address barriers to private investment in developing countries,supporting investment projects,foster investments in developing countries,public loans least developed countries,public loans developing countries,mobilisation of public and private investment developing countries,mitigate investment risks developing countries,promotion of private investments,investment climate in developing countries,foreign investors,,,,,,,,,,,,,,,,,,,,,,,,,,,,,,,,,,,,,,,,,,,
172,SDG 17,17.6,technology cooperation agreement,global technology facilitation mechanism,Joint Technology Initiatives,Partnering in Research and Innovation,cooperation on technology,cooperation on science,cooperation on innovation,partnership in innovation,share innovation,share technology,knowledge-sharing, technology facilitation, technology cooperation, technology agreement, science cooperation,technology transfer,knowledege transfer,cooperation instruments and actions,GPEDC,Global Partnership for Effective Development Co-operation,collaboration on technology,collaboration on science,collaboration on innovation,partnerships in research,cooperation in research,,,,,,,,,,,,,,,,,,,,,,,,,,,,,,,,,
173,SDG 17,17.7,technology in developing countries,technology dissemination in developing countries,technology diffusion in developing countries,developing countries technology,technology transfer in developing countries,,,,,,,,,,,,,,,,,,,,,,,,,,,,,,,,,,,,,,,,,,,,,,,,,,,,,
174,SDG 17,17.8,technology in least developed countries,internet in least developed countries,ict in least developed countries,innovation in least developed countries,science capacity-building,technology capacity-building,innovation capacity-building,capacity-building in innovation,capacity-building in technology,capacity-building in science,international collaboration on technology,cooperation on information and communications technology,cooperation in ICT,collaboration information and communications technology,collaboration ICT,ICT cooperation,international information and communications technology,ICT capacity in least developed countries,,,,,,,,,,,,,,,,,,,,,,,,,,,,,,,,,,,,,,,,
175,SDG 17,17.9,financial assistance to developing,technical assistance to developing,north south cooperation,south south cooperation,triangular cooperation,support capacity-building in developing countries,capacity building in least developed countries,national plans to implement the Sustainable Development Goals,national plans to implement the SDGs,national plans to implement Sustainable Development,cooperation on sustainable development,European Fund for Sustainable Development,capacity building assistance to improve the investment,EFSD,capacity building support in developing countries,support capacity building in developing countries,,,,,,,,,,,,,,,,,,,,,,,,,,,,,,,,,,,,,,,,,,
176,SDG 17,17.10,trade agreements for sustainable development,trade partnerships,trade relations around the world,progressive and modern trade rules,promote sustainable growth by expanding trade,rules for global trade,responsible trade,fair trade,transparent trade,ethical trade,sustainable trade,sustainable development in trade policies,rules with the global trade system,trade agenda to promote sustainable development,trade policy to sustainable development,trade to promote sustainable development,trade policy to promote the social and environmental pillars of sustainable development,trade and sustainable development,trade policy in support of sustainable development,Reinforced international regulatory cooperation helps to facilitate trade,Reinforce international regulatory cooperation for trade,regulatory trade cooperation,trade regulations,against unfair trade practices,responsible and fair trade,elimination of trade barriers,enforcing the rules of global trade,reinvigorate the WTO,rules governing global trade within the WTO,multilateral trading system,rules to govern global trade,open trading system,WTO-compatible trade agreements,promoting free trade,African Continental Free Trade Area,AfCFTA,fair and open trading system,trade barriers,EU’s trade interests,trade policy,trade facilitation,regional economic integration,Free Trade Area,trade facilitation in international regulatory cooperation,Economic Partnership Agreement,,,,,,,,,,,,,
177,SDG 17,17.11,global export developing countries,global exports least developed countries,global exports share in developing countries,increase the exports of developing countries,increase the exports of least developed countries,increase the exports of Africa,increase the exports to improve the trade balance of developing countries,Export Strategy,,,,,,,,,,,,,,,,,,,,,,,,,,,,,,,,,,,,,,,,,,,,,,,,,,
178,SDG 17,17.12,tariffs faced by developing countries,tariffs faced by least developed countries,tariffs faced by small island developing countries,market access developing countries,market access least developed,market access small island,duty-free market access for least developed countries,quota-free market access for least developed countries,trade agreements with developing coutries,Aid for Trade Strategy,transparent trade rules,tariffs rules for developing countries,GSP+,everything but arms,,,,,,,,,,,,,,,,,,,,,,,,,,,,,,,,,,,,,,,,,,,,
179,SDG 17,17.13,macroeconomic dashboard,macroeconomic stability,policy coordination,economy with low vulnerability to external shocks,macroeconomic instability,macroeconomic policy coherence,macroeconomic coordination,macroeconomic situation,macro-economic stability,,,,,,,,,,,,,,,,,,,,,,,,,,,,,,,,,,,,,,,,,,,,,,,,,
180,SDG 17,17.14,policy coherence for sustainable development,systematic promotion of mutually reinforcing policy actions,minimise contradictions and building synergies between different policies,coherent integration of policies,take account of development objectives in policies,PCD,PCSD,policy coherence for development,,,,,,,,,,,,,,,,,,,,,,,,,,,,,,,,,,,,,,,,,,,,,,,,,,
181,SDG 17,17.15,poverty eradication policies,sustainable development policies,respect sovereignty,promote ownership by countries,country-led policies for poverty eradication,country-led policies for sustainable development,policies tackle poverty,policies reduce poverty,policies foster sustainable development,policies focus on sustainable development,policies focus on poverty reduction,,,,,,,,,,,,,,,,,,,,,,,,,,,,,,,,,,,,,,,,,,,,,,,
182,SDG 17,17.16,multi stakeholder partnership,multi stakeholder development,partnership for sustainable development,partnership for SDGs,multi-stakeholder alliances,platform for a multi-stakeholder dialogue on sustainable,multi-stakeholder dialogue platform,multi stakeholder platform,,,,,,,,,,,,,,,,,,,,,,,,,,,,,,,,,,,,,,,,,,,,,,,,,,
183,SDG 17,17.17,public private partnership,civil society partnership,public partnership,partnership with private sector,cooperation with private sector,public and private cooperation,cooperation with SME,partnership with SME,SME cooperation across developing countries,private sector for sustainable development,integrate private sector development objectives in support strategies,Engaging the private sector in sustainable,private sector engagement for development,engagement of European companies in developing countries,private sector development support,PRIVATE SECTOR PARTNER IN DEVELOPMENT COOPERATION,partnership and cooperation agreement between private and public,working in partnership with the EU in the field of private sector development,foster business innovation partnerships between private and public sector,exploring possible partnerships with the private sector,boosting horizontal partnerships,partnership public private,partnership private and public,tap into private investment,Public-Private Dialogue,Roadmap for Civil Society,,,,,,,,,,,,,,,,,,,,,,,,,,,,,,,,
184,SDG 17,17.18,availability of disaggregated data,fundamental principles of official statistics,sustainable development indicators,national statistical legislation,availability of reliable data,data availability in developing countries,data accountability developing countries, availability of data in developing countries,availability of data disaggregated,data at national level, statistics on sustainable development,national statistical plan,partnerships in data collection,data collection in development countries, collect data in development countries, collect information in development countries,Information gathering in development countries,indicators for sustainable development,official statistics in developing countries,weak statistical systems and mechanisms ,advocate for more and better data in developing countries,,,,,,,,,,,,,,,,,,,,,,,,,,,,,,,,,,,,,
185,SDG 17,17.19,statistical capacity in developing countries,birth registration,death registration,population census,income census,measure progress SDG,sdg progress measure,statistical capacity in least developed countries,statistical capacity in small island,measurement of progress on sustainable development,statistical capacity-building,statistical capacity development,statistical capacity building,statistical capacity indicator,data on statistical capacity,data on sustainable development,data that complement gross domestic product,data that complement GDP,Beyond GDP,indicators to complement GDP,measure sustainable development,international cooperation on data collection,Monitoring sustainable development,evaluating sustainable development,assess sustainable development,statistical capacity development at the national level for developing countries,national statistical systems of developing countries,international funding for data and statistics,strengthening of the statistical system,monitoring of SDGs,reporting on SDGs,SDG monitoring,SDG reporting,,,,,,,,,,,,,,,,,,,,,,,,,
